Id,color
wheat,#f5deb3 
grey,#808080
rosybrown,#bc8f8f 
tan,#d2b48c 
dimgrey,#696969
sienna,#a0522d 
darkolivegreen,#556b2f 
darkslategray,#556b2f 
black,#000000
darkkhaki,#bdb76b 
peru,#cd853f 
saddlebrown,#8b4513 
silver,#c0c0c0 
darkgray,#a9a9a9 
indianred,#cd5c5c 
maroon,#800000
lightgray,#d3d3d3 
burlywood,#deb887 
gainsboro,#dcdcdc 
whitesmoke,#f5f5f5 
white,#ffffff 
slategray,#708090
sandybrown,#f4a460 
linen,#faf0e6 
lightslategrey,#778899
khaki,#f0e68c 
darkslateblue,#483d8b 
darksalmon,#e9967a 
chocolate,#d2691e 
brown,#a52a2a 
bisque,#ffe4c4 
beige,#f5f5dc 
antiquewhite,#faebd7 
thistle,#d8bfd8 
palegoldenrod,#eee8aa 
lightsteelblue,#b0c4de 
darkseagreen,#8fbc8f 
blanchedalmond,#ffebcd 
steelblue,#4682b4 
snow,#fffafa 
lavender,#e6e6fa 
navajowhite,#ffdead 
midnightblue,#191970
goldenrod,#daa520 
firebrick,#b22222 
darkgoldenrod,#b8860b 
powderblue,#b0e0e6 
olivedrab,#6b8e23 
oldlace,#fdf5e6 
cadetblue,#5f9ea0 
