target,source
tan,whitesmoke
silver,whitesmoke
sienna,whitesmoke
saddlebrown,whitesmoke
rosybrown,whitesmoke
peru,whitesmoke
lightgray,whitesmoke
grey,whitesmoke
gainsboro,whitesmoke
dimgrey,whitesmoke
darkslategray,whitesmoke
darkolivegreen,whitesmoke
darkkhaki,whitesmoke
darkgray,whitesmoke
black,whitesmoke
tan,white
sienna,white
saddlebrown,white
rosybrown,white
peru,white
grey,white
dimgrey,white
darkslategray,white
darkolivegreen,white
black,white
tan,wheat
slategray,wheat
silver,wheat
sienna,wheat
sandybrown,wheat
saddlebrown,wheat
rosybrown,wheat
peru,wheat
maroon,wheat
linen,wheat
lightslategrey,wheat
lightgray,wheat
khaki,wheat
indianred,wheat
grey,wheat
gainsboro,wheat
dimgrey,wheat
darkslategray,wheat
darkslateblue,wheat
darksalmon,wheat
darkolivegreen,wheat
darkkhaki,wheat
darkgray,wheat
chocolate,wheat
burlywood,wheat
brown,wheat
black,wheat
bisque,wheat
beige,wheat
antiquewhite,wheat
rosybrown,thistle
darkslategray,thistle
darkolivegreen,thistle
black,thistle
whitesmoke,tan
white,tan
wheat,tan
slategray,tan
silver,tan
sienna,tan
sandybrown,tan
saddlebrown,tan
rosybrown,tan
peru,tan
palegoldenrod,tan
maroon,tan
linen,tan
lightsteelblue,tan
lightslategrey,tan
lightgray,tan
khaki,tan
indianred,tan
grey,tan
gainsboro,tan
dimgrey,tan
darkslategray,tan
darkslateblue,tan
darkseagreen,tan
darksalmon,tan
darkolivegreen,tan
darkkhaki,tan
darkgray,tan
chocolate,tan
burlywood,tan
brown,tan
blanchedalmond,tan
black,tan
bisque,tan
beige,tan
antiquewhite,tan
lightslategrey,steelblue
grey,steelblue
dimgrey,steelblue
darkslategray,steelblue
darkslateblue,steelblue
darkolivegreen,steelblue
darkgray,steelblue
black,steelblue
sienna,snow
saddlebrown,snow
rosybrown,snow
peru,snow
grey,snow
dimgrey,snow
darkslategray,snow
darkolivegreen,snow
darkkhaki,snow
burlywood,snow
black,snow
wheat,slategray
tan,slategray
silver,slategray
sienna,slategray
saddlebrown,slategray
rosybrown,slategray
peru,slategray
lightsteelblue,slategray
lightslategrey,slategray
lightgray,slategray
indianred,slategray
grey,slategray
gainsboro,slategray
dimgrey,slategray
darkslategray,slategray
darkslateblue,slategray
darkolivegreen,slategray
darkkhaki,slategray
darkgray,slategray
burlywood,slategray
black,slategray
whitesmoke,silver
wheat,silver
tan,silver
slategray,silver
sienna,silver
sandybrown,silver
saddlebrown,silver
rosybrown,silver
peru,silver
maroon,silver
linen,silver
lightsteelblue,silver
lightslategrey,silver
lightgray,silver
lavender,silver
indianred,silver
grey,silver
gainsboro,silver
dimgrey,silver
darkslategray,silver
darkslateblue,silver
darkseagreen,silver
darksalmon,silver
darkolivegreen,silver
darkkhaki,silver
darkgray,silver
burlywood,silver
brown,silver
black,silver
bisque,silver
beige,silver
antiquewhite,silver
whitesmoke,sienna
white,sienna
wheat,sienna
tan,sienna
snow,sienna
slategray,sienna
silver,sienna
sandybrown,sienna
saddlebrown,sienna
rosybrown,sienna
peru,sienna
palegoldenrod,sienna
navajowhite,sienna
midnightblue,sienna
maroon,sienna
linen,sienna
lightsteelblue,sienna
lightslategrey,sienna
lightgray,sienna
lavender,sienna
khaki,sienna
indianred,sienna
grey,sienna
goldenrod,sienna
gainsboro,sienna
firebrick,sienna
dimgrey,sienna
darkslategray,sienna
darkslateblue,sienna
darkseagreen,sienna
darksalmon,sienna
darkolivegreen,sienna
darkkhaki,sienna
darkgray,sienna
darkgoldenrod,sienna
chocolate,sienna
burlywood,sienna
brown,sienna
black,sienna
bisque,sienna
beige,sienna
antiquewhite,sienna
wheat,sandybrown
tan,sandybrown
silver,sandybrown
sienna,sandybrown
saddlebrown,sandybrown
rosybrown,sandybrown
peru,sandybrown
maroon,sandybrown
lightgray,sandybrown
khaki,sandybrown
indianred,sandybrown
grey,sandybrown
dimgrey,sandybrown
darkslategray,sandybrown
darkolivegreen,sandybrown
darkkhaki,sandybrown
chocolate,sandybrown
burlywood,sandybrown
brown,sandybrown
black,sandybrown
whitesmoke,saddlebrown
white,saddlebrown
wheat,saddlebrown
tan,saddlebrown
snow,saddlebrown
slategray,saddlebrown
silver,saddlebrown
sienna,saddlebrown
sandybrown,saddlebrown
rosybrown,saddlebrown
peru,saddlebrown
palegoldenrod,saddlebrown
midnightblue,saddlebrown
maroon,saddlebrown
linen,saddlebrown
lightsteelblue,saddlebrown
lightslategrey,saddlebrown
lightgray,saddlebrown
khaki,saddlebrown
indianred,saddlebrown
grey,saddlebrown
goldenrod,saddlebrown
gainsboro,saddlebrown
firebrick,saddlebrown
dimgrey,saddlebrown
darkslategray,saddlebrown
darkslateblue,saddlebrown
darkseagreen,saddlebrown
darksalmon,saddlebrown
darkolivegreen,saddlebrown
darkkhaki,saddlebrown
darkgray,saddlebrown
darkgoldenrod,saddlebrown
chocolate,saddlebrown
burlywood,saddlebrown
brown,saddlebrown
black,saddlebrown
bisque,saddlebrown
beige,saddlebrown
antiquewhite,saddlebrown
whitesmoke,rosybrown
white,rosybrown
wheat,rosybrown
thistle,rosybrown
tan,rosybrown
snow,rosybrown
slategray,rosybrown
silver,rosybrown
sienna,rosybrown
sandybrown,rosybrown
saddlebrown,rosybrown
peru,rosybrown
palegoldenrod,rosybrown
midnightblue,rosybrown
maroon,rosybrown
linen,rosybrown
lightsteelblue,rosybrown
lightslategrey,rosybrown
lightgray,rosybrown
lavender,rosybrown
indianred,rosybrown
grey,rosybrown
gainsboro,rosybrown
dimgrey,rosybrown
darkslategray,rosybrown
darkslateblue,rosybrown
darksalmon,rosybrown
darkolivegreen,rosybrown
darkkhaki,rosybrown
darkgray,rosybrown
chocolate,rosybrown
burlywood,rosybrown
brown,rosybrown
black,rosybrown
bisque,rosybrown
beige,rosybrown
antiquewhite,rosybrown
black,powderblue
whitesmoke,peru
white,peru
wheat,peru
tan,peru
snow,peru
slategray,peru
silver,peru
sienna,peru
sandybrown,peru
saddlebrown,peru
rosybrown,peru
palegoldenrod,peru
navajowhite,peru
maroon,peru
linen,peru
lightsteelblue,peru
lightslategrey,peru
lightgray,peru
khaki,peru
indianred,peru
grey,peru
goldenrod,peru
gainsboro,peru
firebrick,peru
dimgrey,peru
darkslategray,peru
darkslateblue,peru
darkseagreen,peru
darksalmon,peru
darkolivegreen,peru
darkkhaki,peru
darkgray,peru
darkgoldenrod,peru
chocolate,peru
burlywood,peru
brown,peru
black,peru
bisque,peru
beige,peru
antiquewhite,peru
tan,palegoldenrod
sienna,palegoldenrod
saddlebrown,palegoldenrod
rosybrown,palegoldenrod
peru,palegoldenrod
grey,palegoldenrod
dimgrey,palegoldenrod
darkslategray,palegoldenrod
darkolivegreen,palegoldenrod
darkkhaki,palegoldenrod
darkgray,palegoldenrod
burlywood,palegoldenrod
black,palegoldenrod
darkslategray,olivedrab
darkolivegreen,olivedrab
black,olivedrab
darkslategray,oldlace
sienna,navajowhite
peru,navajowhite
darkslategray,navajowhite
darksalmon,navajowhite
darkolivegreen,navajowhite
burlywood,navajowhite
black,navajowhite
sienna,midnightblue
saddlebrown,midnightblue
rosybrown,midnightblue
grey,midnightblue
dimgrey,midnightblue
darkslategray,midnightblue
darkolivegreen,midnightblue
black,midnightblue
wheat,maroon
tan,maroon
silver,maroon
sienna,maroon
sandybrown,maroon
saddlebrown,maroon
rosybrown,maroon
peru,maroon
lightgray,maroon
indianred,maroon
grey,maroon
gainsboro,maroon
dimgrey,maroon
darkslategray,maroon
darksalmon,maroon
darkolivegreen,maroon
darkkhaki,maroon
darkgray,maroon
chocolate,maroon
burlywood,maroon
brown,maroon
black,maroon
wheat,linen
tan,linen
silver,linen
sienna,linen
saddlebrown,linen
rosybrown,linen
peru,linen
lightgray,linen
grey,linen
gainsboro,linen
dimgrey,linen
darkslategray,linen
darkolivegreen,linen
darkkhaki,linen
darkgray,linen
burlywood,linen
black,linen
tan,lightsteelblue
slategray,lightsteelblue
silver,lightsteelblue
sienna,lightsteelblue
saddlebrown,lightsteelblue
rosybrown,lightsteelblue
peru,lightsteelblue
lightslategrey,lightsteelblue
lightgray,lightsteelblue
lavender,lightsteelblue
grey,lightsteelblue
gainsboro,lightsteelblue
dimgrey,lightsteelblue
darkslategray,lightsteelblue
darkolivegreen,lightsteelblue
darkkhaki,lightsteelblue
darkgray,lightsteelblue
burlywood,lightsteelblue
black,lightsteelblue
wheat,lightslategrey
tan,lightslategrey
steelblue,lightslategrey
slategray,lightslategrey
silver,lightslategrey
sienna,lightslategrey
saddlebrown,lightslategrey
rosybrown,lightslategrey
peru,lightslategrey
lightsteelblue,lightslategrey
lightgray,lightslategrey
lavender,lightslategrey
indianred,lightslategrey
grey,lightslategrey
gainsboro,lightslategrey
dimgrey,lightslategrey
darkslategray,lightslategrey
darkslateblue,lightslategrey
darkolivegreen,lightslategrey
darkkhaki,lightslategrey
darkgray,lightslategrey
burlywood,lightslategrey
black,lightslategrey
antiquewhite,lightslategrey
whitesmoke,lightgray
wheat,lightgray
tan,lightgray
slategray,lightgray
silver,lightgray
sienna,lightgray
sandybrown,lightgray
saddlebrown,lightgray
rosybrown,lightgray
peru,lightgray
maroon,lightgray
linen,lightgray
lightsteelblue,lightgray
lightslategrey,lightgray
lavender,lightgray
indianred,lightgray
grey,lightgray
gainsboro,lightgray
dimgrey,lightgray
darkslategray,lightgray
darkslateblue,lightgray
darkseagreen,lightgray
darksalmon,lightgray
darkolivegreen,lightgray
darkkhaki,lightgray
darkgray,lightgray
burlywood,lightgray
brown,lightgray
black,lightgray
beige,lightgray
antiquewhite,lightgray
silver,lavender
sienna,lavender
rosybrown,lavender
lightsteelblue,lavender
lightslategrey,lavender
lightgray,lavender
grey,lavender
gainsboro,lavender
dimgrey,lavender
darkslategray,lavender
darkolivegreen,lavender
darkgray,lavender
black,lavender
wheat,khaki
tan,khaki
sienna,khaki
sandybrown,khaki
saddlebrown,khaki
peru,khaki
grey,khaki
dimgrey,khaki
darkslategray,khaki
darkolivegreen,khaki
darkkhaki,khaki
burlywood,khaki
black,khaki
wheat,indianred
tan,indianred
slategray,indianred
silver,indianred
sienna,indianred
sandybrown,indianred
saddlebrown,indianred
rosybrown,indianred
peru,indianred
maroon,indianred
lightslategrey,indianred
lightgray,indianred
grey,indianred
gainsboro,indianred
dimgrey,indianred
darkslategray,indianred
darksalmon,indianred
darkolivegreen,indianred
darkkhaki,indianred
darkgray,indianred
burlywood,indianred
brown,indianred
black,indianred
bisque,indianred
antiquewhite,indianred
whitesmoke,grey
white,grey
wheat,grey
tan,grey
steelblue,grey
snow,grey
slategray,grey
silver,grey
sienna,grey
sandybrown,grey
saddlebrown,grey
rosybrown,grey
peru,grey
palegoldenrod,grey
midnightblue,grey
maroon,grey
linen,grey
lightsteelblue,grey
lightslategrey,grey
lightgray,grey
lavender,grey
khaki,grey
indianred,grey
gainsboro,grey
dimgrey,grey
darkslategray,grey
darkslateblue,grey
darkseagreen,grey
darksalmon,grey
darkolivegreen,grey
darkkhaki,grey
darkgray,grey
chocolate,grey
cadetblue,grey
burlywood,grey
brown,grey
black,grey
bisque,grey
beige,grey
antiquewhite,grey
sienna,goldenrod
saddlebrown,goldenrod
peru,goldenrod
darkslategray,goldenrod
darkolivegreen,goldenrod
black,goldenrod
whitesmoke,gainsboro
wheat,gainsboro
tan,gainsboro
slategray,gainsboro
silver,gainsboro
sienna,gainsboro
saddlebrown,gainsboro
rosybrown,gainsboro
peru,gainsboro
maroon,gainsboro
linen,gainsboro
lightsteelblue,gainsboro
lightslategrey,gainsboro
lightgray,gainsboro
lavender,gainsboro
indianred,gainsboro
grey,gainsboro
dimgrey,gainsboro
darkslategray,gainsboro
darkslateblue,gainsboro
darkolivegreen,gainsboro
darkkhaki,gainsboro
darkgray,gainsboro
burlywood,gainsboro
brown,gainsboro
black,gainsboro
antiquewhite,gainsboro
sienna,firebrick
saddlebrown,firebrick
peru,firebrick
dimgrey,firebrick
darkslategray,firebrick
darkolivegreen,firebrick
black,firebrick
whitesmoke,dimgrey
white,dimgrey
wheat,dimgrey
tan,dimgrey
steelblue,dimgrey
snow,dimgrey
slategray,dimgrey
silver,dimgrey
sienna,dimgrey
sandybrown,dimgrey
saddlebrown,dimgrey
rosybrown,dimgrey
peru,dimgrey
palegoldenrod,dimgrey
midnightblue,dimgrey
maroon,dimgrey
linen,dimgrey
lightsteelblue,dimgrey
lightslategrey,dimgrey
lightgray,dimgrey
lavender,dimgrey
khaki,dimgrey
indianred,dimgrey
grey,dimgrey
gainsboro,dimgrey
firebrick,dimgrey
darkslategray,dimgrey
darkslateblue,dimgrey
darkseagreen,dimgrey
darksalmon,dimgrey
darkolivegreen,dimgrey
darkkhaki,dimgrey
darkgray,dimgrey
darkgoldenrod,dimgrey
chocolate,dimgrey
cadetblue,dimgrey
burlywood,dimgrey
brown,dimgrey
black,dimgrey
bisque,dimgrey
beige,dimgrey
antiquewhite,dimgrey
whitesmoke,darkslategray
white,darkslategray
wheat,darkslategray
thistle,darkslategray
tan,darkslategray
steelblue,darkslategray
snow,darkslategray
slategray,darkslategray
silver,darkslategray
sienna,darkslategray
sandybrown,darkslategray
saddlebrown,darkslategray
rosybrown,darkslategray
peru,darkslategray
palegoldenrod,darkslategray
olivedrab,darkslategray
oldlace,darkslategray
navajowhite,darkslategray
midnightblue,darkslategray
maroon,darkslategray
linen,darkslategray
lightsteelblue,darkslategray
lightslategrey,darkslategray
lightgray,darkslategray
lavender,darkslategray
khaki,darkslategray
indianred,darkslategray
grey,darkslategray
goldenrod,darkslategray
gainsboro,darkslategray
firebrick,darkslategray
dimgrey,darkslategray
darkslateblue,darkslategray
darkseagreen,darkslategray
darksalmon,darkslategray
darkolivegreen,darkslategray
darkkhaki,darkslategray
darkgray,darkslategray
darkgoldenrod,darkslategray
chocolate,darkslategray
cadetblue,darkslategray
burlywood,darkslategray
brown,darkslategray
blanchedalmond,darkslategray
black,darkslategray
bisque,darkslategray
beige,darkslategray
antiquewhite,darkslategray
wheat,darkslateblue
tan,darkslateblue
steelblue,darkslateblue
slategray,darkslateblue
silver,darkslateblue
sienna,darkslateblue
saddlebrown,darkslateblue
rosybrown,darkslateblue
peru,darkslateblue
lightslategrey,darkslateblue
lightgray,darkslateblue
grey,darkslateblue
gainsboro,darkslateblue
dimgrey,darkslateblue
darkslategray,darkslateblue
darkolivegreen,darkslateblue
darkkhaki,darkslateblue
darkgray,darkslateblue
burlywood,darkslateblue
black,darkslateblue
tan,darkseagreen
silver,darkseagreen
sienna,darkseagreen
saddlebrown,darkseagreen
peru,darkseagreen
lightgray,darkseagreen
grey,darkseagreen
dimgrey,darkseagreen
darkslategray,darkseagreen
darkolivegreen,darkseagreen
darkkhaki,darkseagreen
darkgray,darkseagreen
black,darkseagreen
wheat,darksalmon
tan,darksalmon
silver,darksalmon
sienna,darksalmon
saddlebrown,darksalmon
rosybrown,darksalmon
peru,darksalmon
navajowhite,darksalmon
maroon,darksalmon
lightgray,darksalmon
indianred,darksalmon
grey,darksalmon
dimgrey,darksalmon
darkslategray,darksalmon
darkolivegreen,darksalmon
darkgray,darksalmon
burlywood,darksalmon
brown,darksalmon
black,darksalmon
whitesmoke,darkolivegreen
white,darkolivegreen
wheat,darkolivegreen
thistle,darkolivegreen
tan,darkolivegreen
steelblue,darkolivegreen
snow,darkolivegreen
slategray,darkolivegreen
silver,darkolivegreen
sienna,darkolivegreen
sandybrown,darkolivegreen
saddlebrown,darkolivegreen
rosybrown,darkolivegreen
peru,darkolivegreen
palegoldenrod,darkolivegreen
olivedrab,darkolivegreen
navajowhite,darkolivegreen
midnightblue,darkolivegreen
maroon,darkolivegreen
linen,darkolivegreen
lightsteelblue,darkolivegreen
lightslategrey,darkolivegreen
lightgray,darkolivegreen
lavender,darkolivegreen
khaki,darkolivegreen
indianred,darkolivegreen
grey,darkolivegreen
goldenrod,darkolivegreen
gainsboro,darkolivegreen
firebrick,darkolivegreen
dimgrey,darkolivegreen
darkslategray,darkolivegreen
darkslateblue,darkolivegreen
darkseagreen,darkolivegreen
darksalmon,darkolivegreen
darkkhaki,darkolivegreen
darkgray,darkolivegreen
darkgoldenrod,darkolivegreen
chocolate,darkolivegreen
cadetblue,darkolivegreen
burlywood,darkolivegreen
brown,darkolivegreen
blanchedalmond,darkolivegreen
black,darkolivegreen
bisque,darkolivegreen
beige,darkolivegreen
antiquewhite,darkolivegreen
whitesmoke,darkkhaki
wheat,darkkhaki
tan,darkkhaki
snow,darkkhaki
slategray,darkkhaki
silver,darkkhaki
sienna,darkkhaki
sandybrown,darkkhaki
saddlebrown,darkkhaki
rosybrown,darkkhaki
peru,darkkhaki
palegoldenrod,darkkhaki
maroon,darkkhaki
linen,darkkhaki
lightsteelblue,darkkhaki
lightslategrey,darkkhaki
lightgray,darkkhaki
khaki,darkkhaki
indianred,darkkhaki
grey,darkkhaki
gainsboro,darkkhaki
dimgrey,darkkhaki
darkslategray,darkkhaki
darkslateblue,darkkhaki
darkseagreen,darkkhaki
darkolivegreen,darkkhaki
darkgray,darkkhaki
darkgoldenrod,darkkhaki
burlywood,darkkhaki
brown,darkkhaki
black,darkkhaki
bisque,darkkhaki
antiquewhite,darkkhaki
whitesmoke,darkgray
wheat,darkgray
tan,darkgray
steelblue,darkgray
slategray,darkgray
silver,darkgray
sienna,darkgray
saddlebrown,darkgray
rosybrown,darkgray
peru,darkgray
palegoldenrod,darkgray
maroon,darkgray
linen,darkgray
lightsteelblue,darkgray
lightslategrey,darkgray
lightgray,darkgray
lavender,darkgray
indianred,darkgray
grey,darkgray
gainsboro,darkgray
dimgrey,darkgray
darkslategray,darkgray
darkslateblue,darkgray
darkseagreen,darkgray
darksalmon,darkgray
darkolivegreen,darkgray
darkkhaki,darkgray
cadetblue,darkgray
burlywood,darkgray
brown,darkgray
black,darkgray
bisque,darkgray
beige,darkgray
antiquewhite,darkgray
sienna,darkgoldenrod
saddlebrown,darkgoldenrod
peru,darkgoldenrod
dimgrey,darkgoldenrod
darkslategray,darkgoldenrod
darkolivegreen,darkgoldenrod
darkkhaki,darkgoldenrod
black,darkgoldenrod
wheat,chocolate
tan,chocolate
sienna,chocolate
sandybrown,chocolate
saddlebrown,chocolate
rosybrown,chocolate
peru,chocolate
maroon,chocolate
grey,chocolate
dimgrey,chocolate
darkslategray,chocolate
darkolivegreen,chocolate
burlywood,chocolate
brown,chocolate
black,chocolate
grey,cadetblue
dimgrey,cadetblue
darkslategray,cadetblue
darkolivegreen,cadetblue
darkgray,cadetblue
black,cadetblue
wheat,burlywood
tan,burlywood
snow,burlywood
slategray,burlywood
silver,burlywood
sienna,burlywood
sandybrown,burlywood
saddlebrown,burlywood
rosybrown,burlywood
peru,burlywood
palegoldenrod,burlywood
navajowhite,burlywood
maroon,burlywood
linen,burlywood
lightsteelblue,burlywood
lightslategrey,burlywood
lightgray,burlywood
khaki,burlywood
indianred,burlywood
grey,burlywood
gainsboro,burlywood
dimgrey,burlywood
darkslategray,burlywood
darkslateblue,burlywood
darksalmon,burlywood
darkolivegreen,burlywood
darkkhaki,burlywood
darkgray,burlywood
chocolate,burlywood
brown,burlywood
black,burlywood
bisque,burlywood
antiquewhite,burlywood
wheat,brown
tan,brown
silver,brown
sienna,brown
sandybrown,brown
saddlebrown,brown
rosybrown,brown
peru,brown
maroon,brown
lightgray,brown
indianred,brown
grey,brown
gainsboro,brown
dimgrey,brown
darkslategray,brown
darksalmon,brown
darkolivegreen,brown
darkkhaki,brown
darkgray,brown
chocolate,brown
burlywood,brown
black,brown
tan,blanchedalmond
darkslategray,blanchedalmond
darkolivegreen,blanchedalmond
black,blanchedalmond
whitesmoke,black
white,black
wheat,black
thistle,black
tan,black
steelblue,black
snow,black
slategray,black
silver,black
sienna,black
sandybrown,black
saddlebrown,black
rosybrown,black
powderblue,black
peru,black
palegoldenrod,black
olivedrab,black
navajowhite,black
midnightblue,black
maroon,black
linen,black
lightsteelblue,black
lightslategrey,black
lightgray,black
lavender,black
khaki,black
indianred,black
grey,black
goldenrod,black
gainsboro,black
firebrick,black
dimgrey,black
darkslategray,black
darkslateblue,black
darkseagreen,black
darksalmon,black
darkolivegreen,black
darkkhaki,black
darkgray,black
darkgoldenrod,black
chocolate,black
cadetblue,black
burlywood,black
brown,black
blanchedalmond,black
bisque,black
beige,black
antiquewhite,black
wheat,bisque
tan,bisque
silver,bisque
sienna,bisque
saddlebrown,bisque
rosybrown,bisque
peru,bisque
indianred,bisque
grey,bisque
dimgrey,bisque
darkslategray,bisque
darkolivegreen,bisque
darkkhaki,bisque
darkgray,bisque
burlywood,bisque
black,bisque
wheat,beige
tan,beige
silver,beige
sienna,beige
saddlebrown,beige
rosybrown,beige
peru,beige
lightgray,beige
grey,beige
dimgrey,beige
darkslategray,beige
darkolivegreen,beige
darkgray,beige
black,beige
wheat,antiquewhite
tan,antiquewhite
silver,antiquewhite
sienna,antiquewhite
saddlebrown,antiquewhite
rosybrown,antiquewhite
peru,antiquewhite
lightslategrey,antiquewhite
lightgray,antiquewhite
indianred,antiquewhite
grey,antiquewhite
gainsboro,antiquewhite
dimgrey,antiquewhite
darkslategray,antiquewhite
darkolivegreen,antiquewhite
darkkhaki,antiquewhite
darkgray,antiquewhite
burlywood,antiquewhite
black,antiquewhite
